0 	the 	745
1 	to 	515
2 	I 	467
3 	a 	328
4 	and 	235
5 	for 	214
6 	of 	211
7 	Added 	159
8 	is 	153
9 	in 	132
10 	not 	118
11 	it 	114
12 	some 	112
13 	that 	108
14 	have 	103
15 	my 	93
16 	with 	93
17 	am 	91
18 	but 	87
19 	Now 	82
20 	on 	74
21 	now 	70
22 	Started 	66
23 	Fixed 	64
24 	up 	63
25 	be 	60
26 	assignment 	58
27 	work 	56
28 	need 	54
29 	get 	53
30 	Wrote 	52
31 	working 	51
32 	It 	48
33 	still 	46
34 	from 	46
35 	things 	44
36 	more 	44
37 	really 	44
38 	can 	41
39 	are 	39
40 	out 	39
41 	file 	38
42 	if 	37
43 	able 	37
44 	Finshed 	36
45 	so 	35
46 	about 	34
47 	branch 	34
48 	'master' 	33
49 	Merge 	33
50 	think 	32
51 	should 	32
52 	one 	30
53 	done 	30
54 	Still 	28
55 	first 	28
56 	bit 	27
57 	an 	26
58 	all 	26
59 	The 	26
60 	will 	26
61 	Adding 	25
62 	sure 	25
63 	what 	25
64 	working. 	24
65 	was 	24
66 	added 	24
67 	files 	24
68 	now. 	23
69 	make 	23
70 	into 	23
71 	Made 	22
72 	yet 	22
73 	Got 	22
74 	Not 	22
75 	function 	22
76 	before 	21
77 	fix 	21
78 	them 	21
79 	write 	21
80 	started 	21
81 	does 	21
82 	Removed 	20
83 	got 	20
84 	test 	20
85 	did 	20
86 	Did 	20
87 	Created 	20
88 	this 	20
89 	This 	20
90 	like 	20
91 	better 	19
92 	gh:hockeybuggy/dander01 	18
93 	way 	18
94 	around 	18
95 	start 	18
96 	symbol 	18
97 	just 	17
98 	records 	17
99 	as 	17
100 	at 	17
101 	good 	17
102 	made 	17
103 	new 	16
104 	do 	16
105 	right 	16
106 	post 	16
107 	time 	16
108 	data 	16
109 	it. 	16
110 	also 	16
111 	pretty 	16
112 	see 	16
113 	readme 	16
114 	line 	16
115 	dealer 	16
116 	table 	16
117 	works 	16
118 	lab 	15
119 	much 	15
120 	change 	15
121 	quite 	15
122 	than 	15
123 	very 	15
124 	seems 	15
125 	or 	15
126 	there 	15
127 	lot 	15
128 	Moved 	15
129 	program 	15
130 	list 	15
131 	by 	15
132 	problems 	15
133 	removed 	14
134 	2 	14
135 	But 	14
136 	don't 	14
137 	paper 	14
138 	problem 	14
139 	second 	13
140 	tree 	13
141 	Changed 	13
142 	may 	13
143 	Updated 	13
144 	code 	13
145 	use 	13
146 	text 	13
147 	add 	13
148 	page 	13
149 	unit 	12
150 	how 	12
151 	finshed 	12
152 	correct 	12
153 	Cleaned 	12
154 	only 	12
155 	3 	12
156 	reading 	12
157 	document 	12
158 	being 	12
159 	4 	12
160 	trying 	12
161 	section 	12
162 	two 	12
163 	dont 	12
164 	last 	12
165 	question 	12
166 	go 	12
167 	sort 	12
168 	tests 	12
169 	Also 	11
170 	want 	11
171 	writing 	11
172 	little 	11
173 	too 	11
174 	no 	11
175 	when 	11
176 	printing 	11
177 	read 	11
178 	small 	11
179 	might 	11
180 	found 	11
181 	create 	11
182 	Starting 	11
183 	while 	11
184 	know 	11
185 	github.com:hockeybuggy/dander01 	11
186 	well 	11
187 	work. 	11
188 	getting 	11
189 	kinda 	11
190 	would 	10
191 	files. 	10
192 	after 	10
193 	they 	10
194 	adding 	10
195 	node 	10
196 	clients 	10
197 	git 	10
198 	blog 	10
199 	gonna 	10
200 	output 	10
201 	rather 	10
202 	cis3150 	10
203 	wrote 	10
204 	back 	10
205 	command 	10
206 	Need 	10
207 	because 	10
208 	type 	9
209 	seem 	9
210 	left 	9
211 	commit 	9
212 	btree 	9
213 	maybe 	9
214 	any 	9
215 	going 	9
216 	article 	9
217 	can't 	9
218 	method 	9
219 	numbers 	9
220 	print 	9
221 	issue 	9
222 	whole 	9
223 	Done 	9
224 	yet. 	9
225 	properly 	9
226 	try 	9
227 	fixed 	9
228 	off 	9
229 	insert 	9
230 	errors 	8
231 	me 	8
232 	hand 	8
233 	flow 	8
234 	weird 	8
235 	shared 	8
236 	memory 	8
237 	discussion 	8
238 	thing 	8
239 	submit 	8
240 	open 	8
241 	pages 	8
242 	server 	8
243 	pacman 	8
244 	clean 	8
245 	Almost 	8
246 	input 	8
247 	file. 	8
248 	having 	8
249 	Trying 	8
250 	could 	8
251 	makefile 	8
252 	which 	8
253 	maze 	8
254 	class 	8
255 	even 	7
256 	keep 	7
257 	created 	7
258 	classes 	7
259 	They 	7
260 	syntax 	7
261 	testing 	7
262 	programs 	7
263 	old 	7
264 	check 	7
265 	figure 	7
266 	Yay 	7
267 	There 	7
268 	mostly 	7
269 	were 	7
270 	Hopefully 	7
271 	5 	7
272 	directory 	7
273 	search 	7
274 	needs 	7
275 	number 	7
276 	geog3480 	7
277 	look 	7
278 	signals 	7
279 	query 	7
280 	docs 	7
281 	final 	7
282 	stuff 	7
283 	correctly 	7
284 	progress 	7
285 	done. 	7
286 	almost 	7
287 	Renamed 	7
288 	overflow 	7
289 	functions 	7
290 	other 	7
291 	changed 	6
292 	changes 	6
293 	error. 	6
294 	word 	6
295 	each 	6
296 	debug 	6
297 	report 	6
298 	basic 	6
299 	client 	6
300 	had 	6
301 	submission 	6
302 	string 	6
303 	making 	6
304 	window 	6
305 	poll 	6
306 	working... 	6
307 	beginnings 	6
308 	ok 	6
309 	No 	6
310 	README 	6
311 	you 	6
312 	starting 	6
313 	pass 	6
314 	Tried 	6
315 	Worked 	6
316 	negitive 	6
317 	Yay. 	6
318 	Things 	6
319 	select 	6
320 	6 	6
321 	tested 	6
322 	messages 	6
323 	lab3 	6
324 	beginning 	6
325 	statments 	6
326 	chart 	6
327 	find 	6
328 	keys 	6
329 	methods 	6
330 	run 	6
331 	sections 	6
332 	problem. 	6
333 	structure 	6
334 	implement 	6
335 	move 	6
336 	symbols 	6
337 	bunch 	6
338 	1 	6
339 	doing 	6
340 	things. 	6
341 	shaders 	6
342 	cube 	6
343 	words 	6
344 	graphics 	6
345 	lost 	6
346 	he 	6
347 	up. 	5
348 	every 	5
349 	undo 	5
350 	call 	5
351 	end 	5
352 	A 	5
353 	All 	5
354 	attempt 	5
355 	alias 	5
356 	order 	5
357 	user 	5
358 	another 	5
359 	segfaulting 	5
360 	well. 	5
361 	though 	5
362 	gitignore 	5
363 	implementation 	5
364 	bad 	5
365 	program. 	5
366 	Maybe 	5
367 	sorting 	5
368 	deal 	5
369 	He 	5
370 	createing 	5
371 	vectors 	5
372 	sample 	5
373 	parameter 	5
374 	makeing 	5
375 	structure. 	5
376 	where 	5
377 	without 	5
378 	using 	5
379 	svn 	5
380 	calls 	5
381 	flat 	5
382 	Found 	5
383 	keeping 	5
384 	playing 	5
385 	courses 	5
386 	part 	5
387 	lib 	5
388 	most 	5
389 	close 	5
390 	Yet 	5
391 	load 	5
392 	simple 	5
393 	shader 	5
394 	moving 	5
395 	stack 	5
396 	database 	5
397 	game 	5
398 	blackjack 	5
399 	shading 	5
400 	inserting 	5
401 	May 	5
402 	nice 	5
403 	results 	5
404 	assignment. 	5
405 	tree. 	5
406 	Up 	5
407 	3. 	5
408 	econ 	5
409 	Next 	5
410 	passing 	5
411 	proposal 	5
412 	drawing 	5
413 	checking 	5
414 	flush 	5
415 	Really 	5
416 	been 	5
417 	editing 	5
418 	again. 	5
419 	 	4
420 	Does 	4
421 	school 	4
422 	yacc 	4
423 	implemented 	4
424 	records. 	4
425 	here 	4
426 	sure... 	4
427 	leaks 	4
428 	root 	4
429 	wrong 	4
430 	over 	4
431 	geog1200 	4
432 	then 	4
433 	forgot 	4
434 	free 	4
435 	hero 	4
436 	target 	4
437 	bar 	4
438 	compilers 	4
439 	loading 	4
440 	nicely. 	4
441 	Cleaning 	4
442 	sprite 	4
443 	stubs 	4
444 	timeouts 	4
445 	board 	4
446 	has 	4
447 	manual 	4
448 	down 	4
449 	avail 	4
450 	arrays 	4
451 	delete 	4
452 	longer 	4
453 	home 	4
454 	trouble 	4
455 	work.. 	4
456 	extra 	4
457 	crazy 	4
458 	suck 	4
459 	course 	4
460 	reasearch 	4
461 	looking 	4
462 	programming 	4
463 	place 	4
464 	work... 	4
465 	Getting 	4
466 	title 	4
467 	state 	4
468 	Having 	4
469 	way. 	4
470 	compile 	4
471 	return 	4
472 	edges 	4
473 	real 	4
474 	update 	4
475 	ass1 	4
476 	cis4430 	4
477 	moved 	4
478 	included 	4
479 	pellets 	4
480 	sitting 	4
481 	response 	4
482 	ok. 	4
483 	segfault 	4
484 	arguments 	4
485 	lab5 	4
486 	loops 	4
487 	7 	4
488 	feel 	4
489 	cleaned 	4
490 	double 	4
491 	creating 	4
492 	markdown 	4
493 	point 	4
494 	error 	4
495 	normals 	4
496 	world 	4
497 	Ok 	4
498 	table. 	4
499 	works. 	4
500 	long 	4
501 	forward 	4
502 	info 	4
503 	disscussion 	4
504 	Currently 	4
505 	looks 	4
506 	Which 	4
507 	completely 	4
508 	wrapper 	4
509 	graphs 	4
510 	hope 	4
511 	handle 	4
512 	queries 	4
513 	exam 	4
514 	Dealer 	4
515 	And 	4
516 	thought 	4
517 	sources 	4
518 	probally 	4
519 	own 	4
520 	count 	4
521 	clients. 	4
522 	functions. 	4
523 	formatting 	3
524 	Put 	3
525 	ever 	3
526 	player 	3
527 	spec 	3
528 	example 	3
529 	doc 	3
530 	github.com:hockeybuggy/dander01Conflicts: 	3
531 	version 	3
532 	folder 	3
533 	bit. 	3
534 	referance 	3
535 	them. 	3
536 	sorta 	3
537 	faces 	3
538 	page. 	3
539 	gui. 	3
540 	child 	3
541 	facts 	3
542 	previous 	3
543 	Kinda 	3
544 	possible 	3
545 	comments 	3
546 	attrib 	3
547 	support 	3
548 	form 	3
549 	until 	3
550 	shit 	3
551 	skip 	3
552 	somthing 	3
553 	graph 	3
554 	gui 	3
555 	port 	3
556 	appear 	3
557 	useful 	3
558 	It's 	3
559 	extruding 	3
560 	cat 	3
561 	haveing 	3
562 	fireing 	3
563 	product 	3
564 	uncommited 	3
565 	Moving 	3
566 	wont 	3
567 	name 	3
568 	cis3530 	3
569 	tried 	3
570 	triangles. 	3
571 	space 	3
572 	fd 	3
573 	promotion 	3
574 	array 	3
575 	size 	3
576 	returns 	3
577 	altro 	3
578 	take 	3
579 	lots 	3
580 	latex 	3
581 	Continuing 	3
582 	geo 	3
583 	draft 	3
584 	That 	3
585 	colours 	3
586 	parent 	3
587 	come 	3
588 	learning 	3
589 	direction 	3
590 	these 	3
591 	force 	3
592 	trello 	3
593 	running 	3
594 	Clean 	3
595 	changing 	3
596 	Is 	3
597 	In 	3
598 	If 	3
599 	Switched 	3
600 	images 	3
601 	Meg 	3
602 	Playing 	3
603 	Forgot 	3
604 	out. 	3
605 	Add 	3
606 	removing 	3
607 	today. 	3
608 	lab2 	3
609 	hw6 	3
610 	children 	3
611 	causes 	3
612 	nodes 	3
613 	cis2050 	3
614 	hash 	3
615 	semester 	3
616 	pdfs 	3
617 	flag 	3
618 	history 	3
619 	status 	3
620 	generation 	3
621 	hard 	3
622 	idea 	3
623 	lab4 	3
624 	reason 	3
625 	base 	3
626 	proxy 	3
627 	put 	3
628 	specular 	3
629 	Improved 	3
630 	schema 	3
631 	append 	3
632 	finding 	3
633 	measures 	3
634 	mangrove 	3
635 	cover 	3
636 	screenshots 	3
637 	remove 	3
638 	Removing 	3
639 	Might 	3
640 	both 	3
641 	java 	3
642 	empty 	3
643 	loop 	3
644 	ready 	3
645 	About 	3
646 	Seems 	3
647 	questions 	3
648 	tables 	3
649 	bin 	3
650 	big 	3
651 	couple 	3
652 	question. 	3
653 	submission. 	3
654 	creation 	3
655 	Mostly 	3
656 	anything 	3
657 	record 	3
658 	storing 	3
659 	chat 	3
660 	invalid 	3
661 	draw 	3
662 	algorithm 	3
663 	code. 	3
664 	sent 	3
665 	more. 	3
666 	jump 	3
667 	great 	3
668 	larger 	3
669 	zip 	3
670 	few 	3
671 	camera 	3
672 	stop 	3
673 	looping 	3
674 	2013 	3
675 	python 	3
676 	edit 	3
677 	stub 	3
678 	time. 	3
679 	dictionary 	3
680 	times 	3
681 	extrude 	3
682 	shader. 	3
683 	why 	3
684 	face 	3
685 	knowledge 	3
686 	deamon 	3
687 	local 	3
688 	BOSS 	3
689 	closer 	3
690 	opening 	3
691 	args 	3
692 	charts 	3
693 	slowly 	3
694 	players 	3
695 	now... 	3
696 	Yep 	3
697 	colour 	3
698 	Have 	3
699 	glui 	3
700 	untested 	3
701 	handleing 	3
702 	hero's 	3
703 	searching 	3
704 	function. 	3
705 	better. 	2
706 	testfiles 	2
707 	geog3780 	2
708 	under 	2
709 	marc2bib 	2
710 	updated 	2
711 	solution 	2
712 	vector 	2
713 	tired 	2
714 	machines 	2
715 	Game 	2
716 	courses. 	2
717 	mem 	2
718 	FUCK 	2
719 	Included 	2
720 	tell 	2
721 	posting 	2
722 	proxy. 	2
723 	machine 	2
724 	adjacent 	2
725 	untill 	2
726 	updateing 	2
727 	third 	2
728 	operations 	2
729 	saving 	2
730 	Hero 	2
731 	somewhere 	2
732 	Here 	2
733 	edits 	2
734 	strings. 	2
735 	edits. 	2
736 	went 	2
737 	clauses 	2
738 	day. 	2
739 	is. 	2
740 	forth 	2
741 	17. 	2
742 	Working 	2
743 	needed 	2
744 	ton 	2
745 	rest 	2
746 	took 	2
747 	tokens 	2
748 	somewhat 	2
749 	Realised 	2
750 	warmup 	2
751 	Only 	2
752 	rewrite 	2
753 	talking 	2
754 	gitshots 	2
755 	correctly. 	2
756 	professor 	2
757 	points 	2
758 	handin 	2
759 	menu 	2
760 	overflows 	2
761 	cminus 	2
762 	Segfault 	2
763 	contredict 	2
764 	best 	2
765 	game. 	2
766 	away 	2
767 	weak 	2
768 	now.. 	2
769 	improve 	2
770 	zsh 	2
771 	against 	2
772 	games 	2
773 	lot. 	2
774 	com 	2
775 	three 	2
776 	. 	2
777 	there... 	2
778 	save 	2
779 	Upped 	2
780 	io 	2
781 	split 	2
782 	files... 	2
783 	topo 	2
784 	statments. 	2
785 	alarms 	2
786 	Fixing 	2
787 	correctly... 	2
788 	pellets. 	2
789 	renamed 	2
790 	people 	2
791 	edges... 	2
792 	super 	2
793 	dinner 	2
794 	info. 	2
795 	inserted 	2
796 	happy 	2
797 	becoming 	2
798 	selects 	2
799 	Some 	2
800 	concurrent 	2
801 	'n 	2
802 	switched 	2
803 	Gets 	2
804 	layers 	2
805 	post. 	2
806 	finally 	2
807 	marks 	2
808 	while. 	2
809 	geog2110 	2
810 	Just 	2
811 	level 	2
812 	sequential 	2
813 	My 	2
814 	appears 	2
815 	bot 	2
816 	exiting 	2
817 	cis3760/report1.odt 	2
818 	strdup 	2
819 	mergeing 	2
820 	proxychats 	2
821 	attribute 	2
822 	readme. 	2
823 	input. 	2
824 	Renaming 	2
825 	winter 	2
826 	branches 	2
827 	switch 	2
828 	memory. 	2
829 	getInfo. 	2
830 	years 	2
831 	thang 	2
832 	chaining 	2
833 	wumpas 	2
834 	half 	2
835 	term 	2
836 	happen 	2
837 	Done. 	2
838 	clause 	2
839 	given 	2
840 	edges. 	2
841 	white 	2
842 	mxcleanelem 	2
843 	copy 	2
844 	clauses. 	2
845 	1. 	2
846 	animation 	2
847 	geog2480 	2
848 	Once 	2
849 	spaces 	2
850 	Test 	2
851 	corner 	2
852 	geography 	2
853 	.doc 	2
854 	repo 	2
855 	connections 	2
856 	detect 	2
857 	Rostow's 	2
858 	between 	2
859 	import 	2
860 	checks 	2
861 	many 	2
862 	decending 	2
863 	editing. 	2
864 	traversal 	2
865 	Woot 	2
866 	writeing 	2
867 	ambient 	2
868 	triangles 	2
869 	it's 	2
870 	brute 	2
871 	downloads 	2
872 	course.txt 	2
873 	undefined 	2
874 	intermurals 	2
875 	co 	2
876 	blow 	2
877 	except 	2
878 	either 	2
879 	meg's 	2
880 	literals 	2
881 	Commiting 	2
882 	timeout 	2
883 	freeing 	2
884 	maze. 	2
885 	image 	2
886 	complete 	2
887 	enough 	2
888 	copied 	2
889 	happening 	2
890 	define 	2
891 	connect 	2
892 	scanner 	2
893 	words. 	2
894 	coverpage 	2
895 	moves 	2
896 	valid 	2
897 	geog1350 	2
898 	dropbox 	2
899 	strings 	2
900 	Fix 	2
901 	messy 	2
902 	removal 	2
903 	presentation 	2
904 	far 	2
905 	fall 	2
906 	off... 	2
907 	further 	2
908 	chart. 	2
909 	movement 	2
910 	fixed. 	2
911 	So 	2
912 	producing 	2
913 	TIMEING 	2
914 	compare 	2
915 	collision 	2
916 	balls. 	2
917 	Cannot 	2
918 	Probally 	2
919 	Sweet 	2
920 	messed 	2
921 	discard. 	2
922 	late 	2
923 	compound 	2
924 	Saving 	2
925 	Ran 	2
926 	token 	2
927 	blackjackd 	2
928 	button 	2
929 	reduce 	2
930 	lab1 	2
931 	operation 	2
932 	Reading 	2
933 	todo 	2
934 	Flat 	2
935 	research 	2
936 	None 	2
937 	loop. 	2
938 	generate 	2
939 	properly. 	2
940 	CLRS 	2
941 	blank 	2
942 	miss 	2
943 	script 	2
944 	introduction 	2
945 	scheme 	2
946 	gotten 	2
947 	search. 	2
948 	dicussion 	2
949 	order. 	2
950 	play 	2
951 	warnings 	2
952 	plan 	2
953 	Had 	2
954 	assingment 	2
955 	blerb 	2
956 	While 	2
957 	him 	2
958 	restart 	2
959 	compiler 	2
960 	Lab3 	2
961 	bib, 	2
962 	For 	2
963 	project 	2
964 	(aka. 	2
965 	currently 	2
966 	various 	2
967 	geomorph 	2
968 	supposed 	2
969 	Could 	2
970 	interface 	2
971 	c 	2
972 	context 	2
973 	header 	2
974 	globals 	2
975 	eclipse. 	2
976 	due 	2
977 	meeting 	2
978 	sending 	2
979 	shader... 	2
980 	else 	2
981 	understand 	2
982 	p4 	2
983 	leave 	2
984 	p8 	2
985 	fun 	2
986 	Untested 	2
987 	rules 	2
988 	contents 	2
989 	9 	2
990 	.svn 	2
991 	used 	2
992 	geography. 	2
993 	redistribution 	2
994 	project. 	2
995 	plagued 	2
996 	summaries 	2
997 	cut 	2
998 	tweak 	2
999 	bib 	2
1000 	Or 	2
1001 	rotate 	2
1002 	mismatching 	2
1003 	continue 	2
1004 	fucking 	2
1005 	3.2 	2
1006 	scale 	2
1007 	decision 	2
1008 	exec 	2
1009 	minimal 	2
1010 	segfault. 	2
1011 	corners. 	2
1012 	gouraud 	2
1013 	within 	2
1014 	server. 	2
1015 	delta 	2
1016 	today 	2
1017 	alarm 	2
1018 	ulgy 	2
1019 	single 	2
1020 	changes. 	2
1021 	rainbow 	2
1022 	them... 	2
1023 	fixing 	2
1024 	elements 	2
1025 	calculating 	2
1026 	ago 	2
1027 	blinky 	2
1028 	once 	2
1029 	send 	2
1030 	assignment1 	2
1031 	include 	2
1032 	assignments 	2
1033 	Woot. 	2
1034 	other. 	2
1035 	index 	2
1036 	turn 	2
1037 	body 	2
1038 	degree 	2
1039 	geog3020 	2
1040 	leaving 	2
1041 	makes 	2
1042 	acending 	2
1043 	scaled 	2
1044 	traverse. 	2
1045 	topic 	2
1046 	midterm 	2
1047 	package 	2
1048 	calculation 	2
1049 	far. 	2
1050 	something 	2
1051 	lame 	2
1052 	line. 	2
1053 	Final 	2
1054 	Can 	2
1055 	day 	2
1056 	Ignored 	2
1057 	env 	2
1058 	Slowing 	2
1059 	cis3760 	2
1060 	merge 	2
1061 	writeup 	2
1062 	Print 	2
1063 	OUT) 	2
1064 	that... 	2
1065 	Pacman 	2
1066 	on... 	2
1067 	documentation. 	2
1068 	list. 	2
1069 	system 	2
1070 	their 	2
1071 	shell 	2
1072 	tuple 	2
1073 	unbuffered 	2
1074 	articles. 	2
1075 	One 	2
1076 	documents 	2
1077 	After 	2
1078 	varibles 	2
1079 	connected 	2
1080 	topographic 	2
1081 	fact 	2
1082 	q2 	2
1083 	based 	2
1084 	grammer. 	2
1085 	unable 	2
1086 	ulgy... 	2
1087 	computer 	2
1088 	Good 	2
1089 	written 	2
1090 	ends 	2
1091 	implementing 	2
1092 	key 	2
1093 	normals... 	2
1094 	commands 	2
1095 	attributes 	2
1096 	Finally 	2
1097 	yay 	2
1098 	decent 	2
1099 	btrees 	2
1100 	git. 	2
1101 	proxychat 	2
1102 	btree. 	2
1103 	surface 	2
1104 	Upping 	2
1105 	infinity 	2
1106 	writefile 	2
1107 	i 	2
1108 	less 	2
1109 	test. 	2
1110 	bibliography 	2
1111 	delta1 	2
1112 	indications 	2
1113 	assuming 	2
1114 	stuff. 	2
1115 	getAttribute 	2
1116 	guard 	2
1117 	utility 	2
1118 	place. 	2
1119 	eat 	2
1120 	cis4110 	2
1121 	is... 	2
1122 	conclusion 	2
1123 	in. 	2
1124 	searcher 	2
1125 	Thus 	2
1126 	original 	2
1127 	smessy... 	1
1128 	similarity 	1
1129 	dynamic 	1
1130 	sections... 	1
1131 	zsh. 	1
1132 	skeleton 	1
1133 	manageing 	1
1134 	calculate 	1
1135 	minheapify 	1
1136 	Lab4. 	1
1137 	swap 	1
1138 	assigments 	1
1139 	worth 	1
1140 	SICK 	1
1141 	oceans 	1
1142 	cooper, 	1
1143 	here... 	1
1144 	jack 	1
1145 	affect 	1
1146 	blanked 	1
1147 	basics 	1
1148 	goes. 	1
1149 	syntax. 	1
1150 	non-roots 	1
1151 	restructre 	1
1152 	Go 	1
1153 	heading 	1
1154 	charter 	1
1155 	winded 	1
1156 	me! 	1
1157 	created. 	1
1158 	me. 	1
1159 	rigorous 	1
1160 	stragy... 	1
1161 	selected 	1
1162 	item. 	1
1163 	poorly 	1
1164 	to... 	1
1165 	Deletes 	1
1166 	meg 	1
1167 	penultimate 	1
1168 	equals 	1
1169 	represented 	1
1170 	path 	1
1171 	100 	1
1172 	non-duplicate 	1
1173 	yet... 	1
1174 	jen's 	1
1175 	prints 	1
1176 	replace 	1
1177 	pound 	1
1178 	Boom 	1
1179 	printf 	1
1180 	counts 	1
1181 	Passing 	1
1182 	mxGetData 	1
1183 	hospital 	1
1184 	canceled. 	1
1185 	timeout's 	1
1186 	choosen 	1
1187 	typo 	1
1188 	rectifiy 	1
1189 	count. 	1
1190 	adjacency 	1
1191 	phong 	1
1192 	works.. 	1
1193 	tying 	1
1194 	altro. 	1
1195 	hold 	1
1196 	algorithms. 	1
1197 	Inserts 	1
1198 	errors.. 	1
1199 	eclipse 	1
1200 	implemented. 	1
1201 	still... 	1
1202 	Stoped 	1
1203 	rework 	1
1204 	freeFile. 	1
1205 	type. 	1
1206 	give 	1
1207 	is.. 	1
1208 	ex:input 	1
1209 	Aquired 	1
1210 	returned 	1
1211 	around. 	1
1212 	filler. 	1
1213 	eng 	1
1214 	complaining 	1
1215 	edit's 	1
1216 	record_maker 	1
1217 	song 	1
1218 	feature 	1
1219 	accepted. 	1
1220 	answer 	1
1221 	infinitly 	1
1222 	colours. 	1
1223 	mess 	1
1224 	defintly 	1
1225 	Will 	1
1226 	jumping 	1
1227 	repo. 	1
1228 	down... 	1
1229 	continuos 	1
1230 	automaticly 	1
1231 	blocks. 	1
1232 	waited 	1
1233 	Another 	1
1234 	1000 	1
1235 	office 	1
1236 	Brightened 	1
1237 	keyboard 	1
1238 	Moveing 	1
1239 	burndown 	1
1240 	production 	1
1241 	weeks 	1
1242 	Continued 	1
1243 	easier 	1
1244 	combination 	1
1245 	implicilty 	1
1246 	lab4. 	1
1247 	FCAgent 	1
1248 	Cards 	1
1249 	resizing 	1
1250 	echo 	1
1251 	opeions 	1
1252 	Minus 	1
1253 	clobbering 	1
1254 	draging 	1
1255 	edit. 	1
1256 	cis2500 	1
1257 	misbehave 	1
1258 	arrow 	1
1259 	side 	1
1260 	luck 	1
1261 	logs 	1
1262 	correct. 	1
1263 	Wow 	1
1264 	cis3490/A3 	1
1265 	pacman's 	1
1266 	ghosts 	1
1267 	xp 	1
1268 	whitespace 	1
1269 	at. 	1
1270 	tomorrow 	1
1271 	laid 	1
1272 	start. 	1
1273 	woops.. 	1
1274 	getAdjacent 	1
1275 	gov 	1
1276 	normalized 	1
1277 	standard 	1
1278 	sameClass 	1
1279 	detecting 	1
1280 	insert, 	1
1281 	bibliograph 	1
1282 	go. 	1
1283 	proably 	1
1284 	recovering 	1
1285 	starts 	1
1286 	correctness 	1
1287 	camera. 	1
1288 	CONFLICTS 	1
1289 	uses 	1
1290 	onto 	1
1291 	coding 	1
1292 	Due 	1
1293 	retabbed 	1
1294 	colour... 	1
1295 	'paper' 	1
1296 	Multiplicity 	1
1297 	wants. 	1
1298 	qsort 	1
1299 	Completely 	1
1300 	accpetable 	1
1301 	params 	1
1302 	listen 	1
1303 	a32 	1
1304 	p5. 	1
1305 	YAY 	1
1306 	actully 	1
1307 	severly 	1
1308 	feature' 	1
1309 	kept 	1
1310 	psudo 	1
1311 	probems 	1
1312 	Set 	1
1313 	structure... 	1
1314 	shower 	1
1315 	useing 	1
1316 	to. 	1
1317 	historical 	1
1318 	minus 	1
1319 	recheck 	1
1320 	perspective 	1
1321 	ran 	1
1322 	disconnects. 	1
1323 	mind 	1
1324 	socket, 	1
1325 	manner 	1
1326 	increment 	1
1327 	seen 	1
1328 	seek 	1
1329 	pybot 	1
1330 	cipher 	1
1331 	Then 	1
1332 	do. 	1
1333 	point. 	1
1334 	causing 	1
1335 	jar.... 	1
1336 	asyncronous 	1
1337 	promotion. 	1
1338 	readClauses 	1
1339 	segfaulting... 	1
1340 	bst 	1
1341 	object 	1
1342 	sortrec 	1
1343 	supress 	1
1344 	furak 	1
1345 	Conpletely 	1
1346 	mouth 	1
1347 	add(String) 	1
1348 	letter 	1
1349 	Went 	1
1350 	cool. 	1
1351 	sub 	1
1352 	libaries 	1
1353 	saying 	1
1354 	Assignment 	1
1355 	dups 	1
1356 	solutions 	1
1357 	inherit 	1
1358 	alphanumberic 	1
1359 	randomize 	1
1360 	execution 	1
1361 	issue.. 	1
1362 	explain 	1
1363 	extenstion! 	1
1364 	.gitignore 	1
1365 	textbook. 	1
1366 	libary 	1
1367 	importatant 	1
1368 	impelmentation. 	1
1369 	easy... 	1
1370 	run. 	1
1371 	solution. 	1
1372 	db 	1
1373 	queryies 	1
1374 	snazzy. 	1
1375 	runs 	1
1376 	countries 	1
1377 	constarint 	1
1378 	Agent 	1
1379 	grader 	1
1380 	progress. 	1
1381 	multitude 	1
1382 	shots 	1
1383 	weekend. 	1
1384 	dies. 	1
1385 	detection 	1
1386 	lab3. 	1
1387 	fail 	1
1388 	bradshaws 	1
1389 	lighting? 	1
1390 	said 	1
1391 	irs 	1
1392 	player. 	1
1393 	lighting. 	1
1394 	HISTORICAL 	1
1395 	hopefully 	1
1396 	drawn 	1
1397 	A2 	1
1398 	we 	1
1399 	never 	1
1400 	extend 	1
1401 	however 	1
1402 	boss 	1
1403 	kinda. 	1
1404 	preprocessor 	1
1405 	picking 	1
1406 	protect 	1
1407 	gui, 	1
1408 	geog2210 	1
1409 	merging 	1
1410 	unlinked 	1
1411 	mxCleanElem 	1
1412 	2nd 	1
1413 	trust 	1
1414 	testable 	1
1415 	tared 	1
1416 	tiny 	1
1417 	confident 	1
1418 	website 	1
1419 	bit.. 	1
1420 	mce 	1
1421 	thing... 	1
1422 	skewed. 	1
1423 	posts. 	1
1424 	worked 	1
1425 	Can't 	1
1426 	TDB 	1
1427 	aim 	1
1428 	near 	1
1429 	moratorium 	1
1430 	Simplified 	1
1431 	stopping 	1
1432 	papers. 	1
1433 	over. 	1
1434 	linenumbers 	1
1435 	trees. 	1
1436 	readded 	1
1437 	proberly. 	1
1438 	cant 	1
1439 	qsort. 	1
1440 	Last 	1
1441 	mouse 	1
1442 	id 	1
1443 	again... 	1
1444 	containing 	1
1445 	Mergeing. 	1
1446 	assigment 	1
1447 	Oh 	1
1448 	expect 	1
1449 	clearly 	1
1450 	Runs 	1
1451 	declaring 	1
1452 	evil 	1
1453 	filenames 	1
1454 	inefficent 	1
1455 	Stubbed 	1
1456 	shortly 	1
1457 	charlie 	1
1458 	failing 	1
1459 	once... 	1
1460 	800 	1
1461 	THAT 	1
1462 	Lots 	1
1463 	quotes 	1
1464 	perfect. 	1
1465 	ifdef 	1
1466 	yep 	1
1467 	nOfCards 	1
1468 	step. 	1
1469 	collections 	1
1470 	shitty 	1
1471 	gave 	1
1472 	ago. 	1
1473 	UI. 	1
1474 	fixed... 	1
1475 	elemnets 	1
1476 	background 	1
1477 	shakeys 	1
1478 	unique 	1
1479 	apart 	1
1480 	uncannonical 	1
1481 	detectiong 	1
1482 	alice 	1
1483 	protocal 	1
1484 	writefile. 	1
1485 	night 	1
1486 	security 	1
1487 	nicely... 	1
1488 	Man... 	1
1489 	Divided 	1
1490 	somehow 	1
1491 	zoom 	1
1492 	seems. 	1
1493 	mazed 	1
1494 	paragraphs 	1
1495 	directives. 	1
1496 	tonight. 	1
1497 	bra 	1
1498 	cna 	1
1499 	localhost 	1
1500 	core 	1
1501 	repository 	1
1502 	paragraph. 	1
1503 	shifting 	1
1504 	report1.odt 	1
1505 	substitution 	1
1506 	Think 	1
1507 	takes 	1
1508 	limitation 	1
1509 	WOOT 	1
1510 	Parser 	1
1511 	PermStringGenerator 	1
1512 	comment. 	1
1513 	Including 	1
1514 	nerve 	1
1515 	Cut 	1
1516 	statements 	1
1517 	Missed 	1
1518 	'refactor' 	1
1519 	parsing 	1
1520 	maybe... 	1
1521 	annotating 	1
1522 	Extended 	1
1523 	gis 	1
1524 	Finshing 	1
1525 	marley, 	1
1526 	stuck 	1
1527 	accordingly 	1
1528 	wordpress 	1
1529 	editor 	1
1530 	test... 	1
1531 	1150ish 	1
1532 	exparamential 	1
1533 	functionality. 	1
1534 	removes 	1
1535 	controlled. 	1
1536 	failure 	1
1537 	2750!!!!!! 	1
1538 	understandable 	1
1539 	heap 	1
1540 	Left 	1
1541 	stucture. 	1
1542 	maximum 	1
1543 	MazeNode 	1
1544 	emit 	1
1545 	classic 	1
1546 	dynamicly 	1
1547 	stanford 	1
1548 	exist 	1
1549 	stack. 	1
1550 	idea. 	1
1551 	marking 	1
1552 	subsetsum 	1
1553 	handed 	1
1554 	Extending 	1
1555 	role 	1
1556 	papers 	1
1557 	becuase 	1
1558 	SearchAgent 	1
1559 	unbalanced 	1
1560 	exits. 	1
1561 	Clients 	1
1562 	messing 	1
1563 	spot.. 	1
1564 	modelw 	1
1565 	weirdest 	1
1566 	belive 	1
1567 	graph... 	1
1568 	p7. 	1
1569 	paper. 	1
1570 	modules 	1
1571 	Disconnects 	1
1572 	together 	1
1573 	Woops... 	1
1574 	subsitute 	1
1575 	serious 	1
1576 	beamer 	1
1577 	partition. 	1
1578 	concept 	1
1579 	managed 	1
1580 	global 	1
1581 	primes 	1
1582 	realz 	1
1583 	Edited 	1
1584 	time..... 	1
1585 	mxtool 	1
1586 	promoting 	1
1587 	must 	1
1588 	Day 	1
1589 	allocate 	1
1590 	advantage 	1
1591 	Prints 	1
1592 	seemingly 	1
1593 	alternative. 	1
1594 	programming. 	1
1595 	join 	1
1596 	Commented 	1
1597 	collsion 	1
1598 	Global 	1
1599 	statements. 	1
1600 	editor. 	1
1601 	good. 	1
1602 	gut 	1
1603 	quick 	1
1604 	dir 	1
1605 	prevent 	1
1606 	testing. 	1
1607 	says 	1
1608 	dealing 	1
1609 	group. 	1
1610 	upped 	1
1611 	Merged 	1
1612 	exam. 	1
1613 	pushed. 	1
1614 	current 	1
1615 	Bot 	1
1616 	stmt 	1
1617 	address 	1
1618 	alone 	1
1619 	along 	1
1620 	boy 	1
1621 	shove 	1
1622 	finnally 	1
1623 	Ballmer 	1
1624 	here. 	1
1625 	BTREEE 	1
1626 	bob 	1
1627 	complining. 	1
1628 	navigation 	1
1629 	myself. 	1
1630 	Update 	1
1631 	output. 	1
1632 	algorthim 	1
1633 	traversing 	1
1634 	Belive 	1
1635 	regex 	1
1636 	inplemnent 	1
1637 	wrongReturnType 	1
1638 	Grrr 	1
1639 	prove 	1
1640 	sake 	1
1641 	Attempted 	1
1642 	explicitly 	1
1643 	anywhere.. 	1
1644 	prev 	1
1645 	diagrams 	1
1646 	loving 	1
1647 	shots. 	1
1648 	varient 	1
1649 	Calling 	1
1650 	sit 	1
1651 	cases 	1
1652 	effort 	1
1653 	easiest 	1
1654 	nicer. 	1
1655 	graphic 	1
1656 	Family 	1
1657 	fls 	1
1658 	displayed. 	1
1659 	hardest 	1
1660 	bugs 	1
1661 	following 	1
1662 	mxfindsubfield... 	1
1663 	input5 	1
1664 	Sorta 	1
1665 	messages. 	1
1666 	didn't 	1
1667 	fuck 	1
1668 	clients... 	1
1669 	dropped 	1
1670 	this... 	1
1671 	readme.. 	1
1672 	great... 	1
1673 	pages, 	1
1674 	productive 	1
1675 	definition. 	1
1676 	Missing 	1
1677 	means 	1
1678 	tk. 	1
1679 	beggins 	1
1680 	copyString 	1
1681 	map 	1
1682 	teleport 	1
1683 	heartbleed 	1
1684 	Rocking. 	1
1685 	produce 	1
1686 	procratinate 	1
1687 	date 	1
1688 	annotation 	1
1689 	man 	1
1690 	remember 	1
1691 	away... 	1
1692 	q 	1
1693 	inform 	1
1694 	Scrollbar 	1
1695 	run... 	1
1696 	algorithm. 	1
1697 	think.. 	1
1698 	record. 	1
1699 	below. 	1
1700 	funtions 	1
1701 	frequenty 	1
1702 	disconnect 	1
1703 	MazeEdge. 	1
1704 	coa, 	1
1705 	mockup 	1
1706 	lieing 	1
1707 	did. 	1
1708 	gen 	1
1709 	defintion 	1
1710 	listing 	1
1711 	resopond 	1
1712 	RM 	1
1713 	RO 	1
1714 	boss. 	1
1715 	non 	1
1716 	bjbot 	1
1717 	alist 	1
1718 	introduce 	1
1719 	scaling 	1
1720 	year. 	1
1721 	farm2fork 	1
1722 	She 	1
1723 	jkill. 	1
1724 	killed 	1
1725 	First 	1
1726 	Simple 	1
1727 	directories 	1
1728 	revert 	1
1729 	BALLLLLLSSSSSSS. 	1
1730 	tiny's 	1
1731 	2750 	1
1732 	analysis. 	1
1733 	stalling 	1
1734 	square 	1
1735 	populated 	1
1736 	converstion 	1
1737 	DONE 	1
1738 	year 	1
1739 	charrt 	1
1740 	canada 	1
1741 	3rd 	1
1742 	reforestation 	1
1743 	why.. 	1
1744 	suck... 	1
1745 	chart.. 	1
1746 	YEP 	1
1747 	bangladesh 	1
1748 	implementation. 	1
1749 	programing 	1
1750 	blind 	1
1751 	grrrrr 	1
1752 	mxinit, 	1
1753 	Start 	1
1754 	timeing 	1
1755 	why. 	1
1756 	Problems 	1
1757 	senseical 	1
1758 	definitly 	1
1759 	on. 	1
1760 	huh 	1
1761 	shaders.. 	1
1762 	shittly 	1
1763 	specify 	1
1764 	dinky 	1
1765 	conficts... 	1
1766 	grammer 	1
1767 	macs. 	1
1768 	idenity 	1
1769 	Porter's 	1
1770 	fgets 	1
1771 	subprocesses 	1
1772 	maze.. 	1
1773 	turned 	1
1774 	locations 	1
1775 	overnight 	1
1776 	ant 	1
1777 	say 	1
1778 	>=10 	1
1779 	desciptors 	1
1780 	NANs 	1
1781 	recover 	1
1782 	WOOOT 	1
1783 	locations. 	1
1784 	tokens. 	1
1785 	ideas 	1
1786 	directiory 	1
1787 	mxpylib.c 	1
1788 	switching 	1
1789 	multiple 	1
1790 	track 	1
1791 	what; 	1
1792 	outputfiles. 	1
1793 	location. 	1
1794 	printed 	1
1795 	remarks 	1
1796 	GOT 	1
1797 	nice. 	1
1798 	searcher. 	1
1799 	extensivly. 	1
1800 	forever 	1
1801 	sources. 	1
1802 	parseing 	1
1803 	implications 	1
1804 	still! 	1
1805 	SOLVED 	1
1806 	Addign 	1
1807 	pattern 	1
1808 	not. 	1
1809 	chaining. 	1
1810 	shot 	1
1811 	show 	1
1812 	Reorded 	1
1813 	scoreboard 	1
1814 	Blackjack 	1
1815 	subprocess 	1
1816 	globals. 	1
1817 	xml 	1
1818 	We 	1
1819 	texture 	1
1820 	black 	1
1821 	hockey 	1
1822 	one... 	1
1823 	disrepair 	1
1824 	.h 	1
1825 	fucked.... 	1
1826 	ssl 	1
1827 	cannot 	1
1828 	nearly 	1
1829 	A1... 	1
1830 	catesian 	1
1831 	Closer. 	1
1832 	inorder 	1
1833 	next. 	1
1834 	worried 	1
1835 	stupid 	1
1836 	collisons 	1
1837 	Importing 	1
1838 	compliling. 	1
1839 	bounds 	1
1840 	anyways 	1
1841 	deletion. 	1
1842 	wonder 	1
1843 	FOR 	1
1844 	review 	1
1845 	selectAttribute... 	1
1846 	a4queries 	1
1847 	debugging. 	1
1848 	toying 	1
1849 	Relized 	1
1850 	prettiest 	1
1851 	ignore. 	1
1852 	killing 	1
1853 	statusbar, 	1
1854 	Directory 	1
1855 	check. 	1
1856 	efficiency 	1
1857 	according 	1
1858 	'deal' 	1
1859 	functional. 	1
1860 	paring 	1
1861 	Boyer-Moore 	1
1862 	executables 	1
1863 	want's 	1
1864 	want: 	1
1865 	warnings. 	1
1866 	laptop. 	1
1867 	pop 	1
1868 	colon 	1
1869 	Preferable 	1
1870 	logic 	1
1871 	class.The 	1
1872 	oliver 	1
1873 	intgers 	1
1874 	mark 	1
1875 	LUNCH 	1
1876 	cis3530. 	1
1877 	games. 	1
1878 	500 	1
1879 	wants 	1
1880 	messes 	1
1881 	Redefined 	1
1882 	q32. 	1
1883 	diffuse 	1
1884 	those 	1
1885 	paying 	1
1886 	score.txt 	1
1887 	in... 	1
1888 	cat(that 	1
1889 	perfectly! 	1
1890 	compileing 	1
1891 	full. 	1
1892 	shall 	1
1893 	Open 	1
1894 	specifity 	1
1895 	stdout 	1
1896 	coffee 	1
1897 	Better 	1
1898 	someone 	1
1899 	converts 	1
1900 	worry 	1
1901 	binary 	1
1902 	different 	1
1903 	it.. 	1
1904 	develop 	1
1905 	Plans 	1
1906 	author 	1
1907 	fewer 	1
1908 	same 	1
1909 	trip 	1
1910 	shifts 	1
1911 	things... 	1
1912 	Edges 	1
1913 	damon 	1
1914 	week 	1
1915 	movement. 	1
1916 	extended 	1
1917 	differance 	1
1918 	IT 	1
1919 	competive 	1
1920 	inconsistant. 	1
1921 	dayyyyyy 	1
1922 	totally 	1
1923 	arrays. 	1
1924 	argument. 	1
1925 	seperating 	1
1926 	Wtf 	1
1927 	tar.gz 	1
1928 	geogmorph 	1
1929 	comes 	1
1930 	components 	1
1931 	exponeniation 	1
1932 	bodies 	1
1933 	summer 	1
1934 	lib, 	1
1935 	actions 	1
1936 	touch 	1
1937 	rewriting 	1
1938 	bi-directional 	1
1939 	generator 	1
1940 	thinking 	1
1941 	Completed 	1
1942 	param 	1
1943 	desktop 	1
1944 	(I 	1
1945 	vim... 	1
1946 	extensive 	1
1947 	calls. 	1
1948 	Reorganized 	1
1949 	accendingly 	1
1950 	hulk... 	1
1951 	6. 	1
1952 	mom 	1
1953 	topo. 	1
1954 	confined 	1
1955 	accepted 	1
1956 	found. 	1
1957 	Example 	1
1958 	mod 	1
1959 	system. 	1
1960 	scafold. 	1
1961 	templating 	1
1962 	conditional 	1
1963 	specified 	1
1964 	Recived 	1
1965 	ported 	1
1966 	exit 	1
1967 	twice. 	1
1968 	createPage 	1
1969 	think. 	1
1970 	power 	1
1971 	think) 	1
1972 	seconds 	1
1973 	AM 	1
1974 	artic 	1
1975 	oh 	1
1976 	implemnting 	1
1977 	Paper 	1
1978 	Images 	1
1979 	ot 	1
1980 	Identifted 	1
1981 	morning? 	1
1982 	ldt. 	1
1983 	operator 	1
1984 	Trapped 	1
1985 	quiz 	1
1986 	your 	1
1987 	compiled. 	1
1988 	log 	1
1989 	hazards 	1
1990 	literal 	1
1991 	ass2 	1
1992 	mxread, 	1
1993 	corrasponding 	1
1994 	strikes 	1
1995 	not... 	1
1996 	Small 	1
1997 	flowchart 	1
1998 	embedded 	1
1999 	bangladesh. 	1
2000 	writeing. 	1
2001 	manuel 	1
2002 	cleanly. 	1
2003 	ai 	1
2004 	citation 	1
2005 	1200 	1
2006 	intro 	1
2007 	hw4 	1
2008 	hw3 	1
2009 	string. 	1
2010 	again 	1
2011 	destroyed.. 	1
2012 	Lab 	1
2013 	field 	1
2014 	Somewhat 	1
2015 	10 	1
2016 	poor 	1
2017 	suites 	1
2018 	wirte 	1
2019 	finale 	1
2020 	vertex 	1
2021 	a3 	1
2022 	a2 	1
2023 	peak 	1
2024 	itself. 	1
2025 	Normals 	1
2026 	draft2 	1
2027 	values 	1
2028 	geog2000 	1
2029 	hello 	1
2030 	password 	1
2031 	finally. 	1
2032 	twice.. 	1
2033 	semantic 	1
2034 	consider 	1
2035 	caused 	1
2036 	splitting 	1
2037 	executing 	1
2038 	almost. 	1
2039 	expressions 	1
2040 	disk 	1
2041 	-g 	1
2042 	-a 	1
2043 	screenshots. 	1
2044 	init 	1
2045 	tk 	1
2046 	tf 	1
2047 	fay 	1
2048 	Refomatted 	1
2049 	horror 	1
2050 	non-working 	1
2051 	condition 	1
2052 	forking 	1
2053 	Class 	1
2054 	large 	1
2055 	good... 	1
2056 	assignment's 	1
2057 	maggie 	1
2058 	Needs 	1
2059 	quicker 	1
2060 	direction. 	1
2061 	scoreing 	1
2062 	Should 	1
2063 	past 	1
2064 	zero 	1
2065 	decendingly 	1
2066 	flipped. 	1
2067 	ast 	1
2068 	him. 	1
2069 	symboltable 	1
2070 	somewhere... 	1
2071 	Totally 	1
2072 	why... 	1
2073 	edited 	1
2074 	full 	1
2075 	tags 	1
2076 	hours 	1
2077 	when. 	1
2078 	riverbank. 	1
2079 	legend 	1
2080 	mult 	1
2081 	ahead 	1
2082 	allows 	1
2083 	randomly. 	1
2084 	mentions 	1
2085 	options 	1
2086 	rename 	1
2087 	unessary 	1
2088 	ask 	1
2089 	Slow 	1
2090 	printing. 	1
2091 	light.. 	1
2092 	sch 	1
2093 	executable 	1
2094 	score 	1
2095 	recv 	1
2096 	suck. 	1
2097 	execting 	1
2098 	Segfaulting 	1
2099 	mxterm, 	1
2100 	Reformatted 	1
2101 	Yep! 	1
2102 	break(hugh_header) 	1
2103 	documents. 	1
2104 	glad 	1
2105 	untestesed 	1
2106 	dirs. 	1
2107 	equation 	1
2108 	accidentlly 	1
2109 	queries. 	1
2110 	TODOs 	1
2111 	minimum 	1
2112 	sense 	1
2113 	exclude 	1
2114 	strlen 	1
2115 	Darn.. 	1
2116 	information 	1
2117 	maps 	1
2118 	scoreboard. 	1
2119 	LIVES. 	1
2120 	Updating 	1
2121 	upto 	1
2122 	sprinkle 	1
2123 	intended 	1
2124 	mangroves 	1
2125 	RAIN 	1
2126 	lighting 	1
2127 	coming 	1
2128 	evaluations 	1
2129 	short 	1
2130 	documentation 	1
2131 	Splitting 	1
2132 	coam 	1
2133 	Player 	1
2134 	cases. 	1
2135 	inline 	1
2136 	that's 	1
2137 	uncase 	1
2138 	help 	1
2139 	entries 	1
2140 	minmal 	1
2141 	installed 	1
2142 	committed 	1
2143 	doc.. 	1
2144 	surprized 	1
2145 	glui.h 	1
2146 	actually 	1
2147 	compiling 	1
2148 	between. 	1
2149 	2. 	1
2150 	method... 	1
2151 	comparitors 	1
2152 	yo 	1
2153 	Problems. 	1
2154 	framework 	1
2155 	walls 	1
2156 	pian. 	1
2157 	Collisons 	1
2158 	feasibailty 	1
2159 	cis3700/assignment2/HornClauses/src/Symbol.java 	1
2160 	chainging 	1
2161 	YAAAAAAAAAA. 	1
2162 	algorithims 	1
2163 	resized 	1
2164 	termintor. 	1
2165 	2d 	1
2166 	soya 	1
2167 	types, 	1
2168 	End 	1
2169 	Built 	1
2170 	terrains. 	1
2171 	commit. 	1
2172 	ryan 	1
2173 	lexer... 	1
2174 	perry 	1
2175 	CATAN 	1
2176 	missed 	1
2177 	since 	1
2178 	acting 	1
2179 	lineno 	1
2180 	offline 	1
2181 	occurs 	1
2182 	offsets 	1
2183 	Jekyll... 	1
2184 	Allowed 	1
2185 	css 	1
2186 	working.! 	1
2187 	definition 	1
2188 	english 	1
2189 	played. 	1
2190 	Blank 	1
2191 	CIS2750A2 	1
2192 	major 	1
2193 	forwards 	1
2194 	instances 	1
2195 	river 	1
2196 	Toggleable 	1
2197 	scanner. 	1
2198 	quads 	1
2199 	segfualt. 	1
2200 	nessary 	1
2201 	header. 	1
2202 	BTree. 	1
2203 	hangs 	1
2204 	stopped 	1
2205 	regulation 	1
2206 	dealer. 	1
2207 	points. 	1
2208 	dfa 	1
2209 	store 	1
2210 	listed 	1
2211 	Tweaked 	1
2212 	dialogs 	1
2213 	passed 	1
2214 	behind 	1
2215 	Long 	1
2216 	blindly 	1
2217 	Problem 	1
2218 	takeing 	1
2219 	information. 	1
2220 	reflection 	1
2221 	kind 	1
2222 	odts 	1
2223 	stall 	1
2224 	hornclauses 	1
2225 	blackjackd. 	1
2226 	Documenting 	1
2227 	God 	1
2228 	constructors 	1
2229 	a31 	1
2230 	mxutil 	1
2231 	deleteing 	1
2232 	null 	1
2233 	lab5... 	1
2234 	depending 	1
2235 	Kyoto 	1
2236 	geo.. 	1
2237 	internal 	1
2238 	part4 	1
2239 	Cleared 	1
2240 	With 	1
2241 	chars 	1
2242 	kb 	1
2243 	delta2. 	1
2244 	cis3700/assignment2/HornClauses/src/Clause.java 	1
2245 	windows 	1
2246 	clear 	1
2247 	giving 	1
2248 	predictable 	1
2249 	3110A2. 	1
2250 	compile. 	1
2251 	bst. 	1
2252 	fianl 	1
2253 	natral 	1
2254 	backtracking 	1
2255 	indicator 	1
2256 	parameters 	1
2257 	writes 	1
2258 	formmating 	1
2259 	factor 	1
2260 	8 	1
2261 	directoies 	1
2262 	merged 	1
2263 	Opps 	1
2264 	his 	1
2265 	hit 	1
2266 	compiled 	1
2267 	vim. 	1
2268 	reply 	1
2269 	during 	1
2270 	encoutered 	1
2271 	fluff 	1
2272 	bytes 	1
2273 	underlying 	1
2274 	sustainable 	1
2275 	x 	1
2276 	tests... 	1
2277 	art 	1
2278 	Create 	1
2279 	startup 	1
2280 	WORKSS 	1
2281 	individual 	1
2282 	dumb 	1
2283 	manged 	1
2284 	insert... 	1
2285 	caputuring 	1
2286 	mazelayout 	1
2287 	bot. 	1
2288 	slapped 	1
2289 	leak. 	1
2290 	avgerage 	1
2291 	conditions 	1
2292 	corruption 	1
2293 	knowing 	1
2294 	Herm... 	1
2295 	missing 	1
2296 	javascript 	1
2297 	Server 	1
2298 	importing. 	1
2299 	work, 	1
2300 	prelude 	1
2301 	Thats 	1
2302 	test.. 	1
2303 	lanuage 	1
2304 	arraylist 	1
2305 	Hard 	1
2306 	connection 	1
2307 	megs 	1
2308 	let 	1
2309 	charaters 	1
2310 	sweet 	1
2311 	format 	1
2312 	recycling 	1
2313 	dimensional 	1
2314 	Way 	1
2315 	Checks 	1
2316 	drawn, 	1
2317 	swo 	1
2318 	propally 	1
2319 	json 	1
2320 	hitting 	1
2321 	longs 	1
2322 	citations 	1
2323 	inserts. 	1
2324 	swp 	1
2325 	sortrecs 	1
2326 	generating 	1
2327 	canceling 	1
2328 	gas 	1
2329 	remark 	1
2330 	misbehaving 	1
2331 	compatable 	1
2332 	canada. 	1
2333 	toggled 	1
2334 	tweaked 	1
2335 	p3 	1
2336 	p1 	1
2337 	p6 	1
2338 	p5 	1
2339 	citation. 	1
2340 	funking 	1
2341 	match 	1
2342 	love 	1
2343 	cis3700/assignment2/HornClauses/src/FCAgent.java 	1
2344 	readd 	1
2345 	gagueing 	1
2346 	key. 	1
2347 	kernal 	1
2348 	vertexs 	1
2349 	touched 	1
2350 	sizeing 	1
2351 	Tranfered 	1
2352 	classifcation 	1
2353 	conflict 	1
2354 	higher 	1
2355 	Insert 	1
2356 	yesterday 	1
2357 	levels 	1
2358 	cleaning 	1
2359 	lower 	1
2360 	inital 	1
2361 	.metadata 	1
2362 	leaves. 	1
2363 	analysis 	1
2364 	around... 	1
2365 	geog1200. 	1
2366 	edge 	1
2367 	flags 	1
2368 	done... 	1
2369 	cis3700 	1
2370 	organization 	1
2371 	spend 	1
2372 	Class. 	1
2373 	jumps. 	1
2374 	regardless 	1
2375 	split... 	1
2376 	retrive 	1
2377 	lab. 	1
2378 	newlines. 	1
2379 	signal 	1
2380 	cup 	1
2381 	TODO 	1
2382 	supect 	1
2383 	source 	1
2384 	class... 	1
2385 	Extruding 	1
2386 	location 	1
2387 	manage 	1
2388 	critera 	1
2389 	startup. 	1
2390 	reuse 	1
2391 	expressions. 	1
2392 	newance 	1
2393 	OO 	1
2394 	modifications 	1
2395 	semi 	1
2396 	message 	1
2397 	ignore 	1
2398 	collect 	1
2399 	loadData 	1
2400 	conclusion. 	1
2401 	nicelying 	1
2402 	folders 	1
2403 	google 	1
2404 	Recreated 	1
2405 	spring 	1
2406 	eluding 	1
2407 	3.1 	1
2408 	completely. 	1
2409 	per 	1
2410 	thrilled 	1
2411 	connecting 	1
2412 	shading. 	1
2413 	Anyways 	1
2414 	redoing 	1
2415 	example. 	1
2416 	ass4. 	1
2417 	flawlessly. 	1
2418 	pipeline 	1
2419 	b-tree 	1
2420 	constraint 	1
2421 	today.. 	1
2422 	modal 	1
2423 	contact. 	1
2424 	block 	1
2425 	fish. 	1
2426 	plethora 	1
2427 	statment 	1
2428 	ptrs, 	1
2429 	frames 	1
2430 	Shared 	1
2431 	file, 	1
2432 	assginment 	1
2433 	spaceing 	1
2434 	plane. 	1
2435 	pipe,fork 	1
2436 	handler 	1
2437 	client. 	1
2438 	proprerly 	1
2439 	mesurements 	1
2440 	link 	1
2441 	posted 	1
2442 	open. 	1
2443 	.a 	1
2444 	tomorrow's 	1
2445 	uk 	1
2446 	comming 	1
2447 	char 	1
2448 	triva! 	1
2449 	copys 	1
2450 	A3 	1
2451 	TM 	1
2452 	ban's 	1
2453 	Proxy 	1
2454 	explaining 	1
2455 	scrub 	1
2456 	AI 	1
2457 	generated 	1
2458 	seqfaults 	1
2459 	Making 	1
2460 	clue 	1
2461 	lex.yy.c's 	1
2462 	sides 	1
2463 	BOSSS 	1
2464 	ending 	1
2465 	handleing.. 	1
2466 	gh:hockeybuggy/dander01Conflicts: 	1
2467 	weights 	1
2468 	algoriths 	1
2469 	essay 	1
2470 	avgering 	1
2471 	interperter 	1
2472 	rtf 	1
2473 	gl 	1
2474 	pre-quiz 	1
2475 	Non 	1
2476 	junit 	1
2477 	issue. 	1
2478 	outside 	1
2479 	reason.. 	1
2480 	putting 	1
2481 	continued 	1
2482 	discard, 	1
2483 	entire 	1
2484 	adjacency. 	1
2485 	decriptions 	1
2486 	notes 	1
2487 	underscores 	1
2488 	Surface 	1
2489 	stddev 	1
2490 	dealt 	1
2491 	read's 	1
2492 	Sucessfully 	1
2493 	smaller 	1
2494 	wrestling 	1
2495 	compileing. 	1
2496 	insertion 	1
2497 	odd 	1
2498 	odf 	1
2499 	plays 	1
2500 	wireframe 	1
2501 	leaks. 	1
2502 	3b 	1
2503 	3a 	1
2504 	cis4650 	1
2505 	pushing 	1
2506 	spacing 	1
2507 	avail... 	1
2508 	with. 	1
2509 	everything. 	1
2510 	web 	1
2511 	Our 	1
2512 	doubles. 	1
2513 	biodiversity 	1
2514 	redeclartion 	1
2515 	janus 	1
2516 	resulting 	1
2517 	centred.. 	1
2518 	opinion 	1
2519 	balances 	1
2520 	graph. 	1
2521 	readfile 	1
2522 	> 	1
2523 	stream 	1
2524 	next 	1
2525 	Broke 	1
2526 	printing.. 	1
2527 	loops. 	1
2528 	directories. 	1
2529 	box. 	1
2530 	src 	1
2531 	becomes 	1
2532 	Restructed 	1
2533 	mechinism 	1
2534 	Proved 	1
2535 	account 	1
2536 	functionallity. 	1
2537 	typo. 	1
2538 	crossed 	1
2539 	performed 	1
2540 	control 	1
2541 	Searcher 	1
2542 	lock 	1
2543 	thangs... 	1
2544 	tax 	1
2545 	high 	1
2546 	fprintf 	1
2547 	building. 	1
2548 	errors... 	1
2549 	dinners 	1
2550 	Turns 	1
2551 	sim 	1
2552 	schema, 	1
2553 	class. 	1
2554 	schema. 	1
2555 	blocks 	1
2556 	extrudes. 	1
2557 	collection 	1
2558 	link. 	1
2559 	realized 	1
2560 	bind 	1
2561 	filepath 	1
2562 	lines 	1
2563 	processor 	1
2564 	agenda 	1
2565 	reaslised 	1
2566 	varibles. 	1
2567 	collsions 	1
2568 	Attempting 	1
2569 	sweet. 	1
2570 	Patched 	1
2571 	doc. 	1
2572 	interpreter 	1
2573 	chosen 	1
2574 	pellet 	1
2575 	nostalgia 	1
2576 	mxclean 	1
2577 	choose 	1
2578 	master. 	1
2579 	flex 	1
2580 	have. 	1
2581 	practice 	1
2582 	Cat 	1
2583 	endeding 	1
2584 	pulled... 	1
2585 	slide 	1
2586 	crossing 	1
2587 	dependances. 	1
2588 	Somehow... 	1
2589 	From 	1
2590 	conflict. 	1
2591 	related 	1
2592 	paper... 	1
2593 	frequency 	1
2594 	measure 	1
2595 	Borrowed 	1
2596 	shaders. 	1
2597 	wirrss 	1
2598 	Ghosts 	1
2599 	freeing. 	1
2600 	Nearly 	1
2601 	flushing 	1
2602 	lecture 	1
2603 	cause 	1
2604 	tests. 	1
2605 	geog 	1
2606 	disclose 	1
2607 	workflow 	1
2608 	eclipse... 	1
2609 	book. 	1
2610 	temps 	1
2611 	dissapearing 	1
2612 	faulting 	1
2613 	#REGRETS...? 	1
2614 	conflicts 	1
2615 	expression. 	1
2616 	bam 	1
2617 	length 	1
2618 	duplcates 	1
2619 	libary. 	1
2620 	2750. 	1
2621 	IT. 	1
2622 	so... 	1
2623 	IT! 	1
2624 	quality 	1
2625 	Model 	1
2626 	two. 	1
2627 	commit...Woops 	1
2628 	AST 	1
2629 	tinkering 	1
2630 	650 	1
2631 	me... 	1
2632 	perfectly 	1
2633 	pathogen 	1
2634 	enforcement 	1
2635 	udp 	1
2636 	works...I 	1
2637 	reversed 	1
2638 	exactly 	1
2639 	lists 	1
2640 	randomize. 	1
2641 	updating 	1
2642 	outline 	1
2643 	ben 	1
2644 	morph 	1
2645 	g2g: 	1
2646 	submitted 	1
2647 	1.5 	1
2648 	lame. 	1
2649 	villains 	1
2650 	caps. 	1
2651 	obimbo. 	1
2652 	tonight 	1
2653 	Whoops... 	1
2654 	linked 	1
2655 	varible. 	1
2656 	probly 	1
2657 	mid 	1
2658 	expected. 	1
2659 	looking. 	1
2660 	datafiles 	1
2661 	allow 	1
2662 	centre 	1
2663 	comfirmed 	1
2664 	asssignment 	1
2665 	Printing 	1
2666 	unnessary 	1
2667 	why?.. 	1
2668 	request 	1
2669 	databases 	1
2670 	Russel 	1
2671 	progams 	1
2672 	checkpoint. 	1
2673 	rotating 	1
2674 	rainbown 	1
2675 	q3 	1
2676 	jar 	1
2677 	poping 	1
2678 	buttons 	1
2679 	Mom 	1
2680 	db/ 	1
2681 	db. 	1
2682 	SOme 	1
2683 	readable. 	1
2684 	algorthims 	1
2685 	works... 	1
2686 	readset.. 	1
2687 	q31 	1
2688 	initalize 	1
2689 	River 	1
2690 	scrolling 	1
2691 	WOOT. 	1
2692 	areas 	1
2693 	littlest 	1
2694 	processes 	1
2695 	cis3110 	1
2696 	contents. 	1
2697 	brain 	1
2698 	well.. 	1
2699 	Move 	1
2700 	non-functional 	1
2701 	default 	1
2702 	overflowing 	1
2703 	becuse 	1
2704 	guessing 	1
2705 	p2. 	1
2706 	terrain 	1
2707 	Formatted 	1
2708 	module 	1
2709 	this, 	1
2710 	fancy. 	1
2711 	having. 	1
2712 	stats 	1
2713 	attempting 	1
2714 	clearing 	1
2715 	presentation. 	1
2716 	horrible 	1
2717 	operations. 	1
2718 	speed 	1
2719 	P6 	1
2720 	importance 	1
2721 	Identifiers 	1
2722 	job 	1
2723 	Cool. 	1
2724 	exist. 	1
2725 	sigaction 	1
2726 	Prepping 	1
2727 	figured 	1
2728 	ones... 	1
2729 	limits 	1
2730 	valgrind 	1
2731 	close. 	1
2732 	comment 	1
2733 	bottem 	1
2734 	subtitle 	1
2735 	alllllllll 	1
2736 	Would 	1
2737 	execing 	1
2738 	backpatching 	1
2739 	together. 	1
2740 	allocated 	1
2741 	IS 	1
2742 	Bam. 	1
2743 	addition 	1
2744 	validating 	1
2745 	docVec 	1
2746 	waste 	1
2747 	inputs. 	1
2748 	revison 	1
2749 	Commeted 	1
2750 	climate 	1
2751 	multi 	1
2752 	troubled 	1
2753 	crls. 	1
2754 	lib_glui 	1
2755 	Number 	1
2756 	value 	1
2757 	wumpus 	1
2758 	promoted 	1
2759 	frustrating 	1
2760 	tings 	1
2761 	square... 	1
2762 	helper 	1
2763 	completed 	1
2764 	Init 	1
2765 	Pretty 	1
2766 	forground 	1
2767 	You 	1
2768 	Sort 	1
2769 	perhaps 	1
2770 	auto 	1
2771 	Posted 	1
2772 	wonky... 	1
2773 	reporting 	1
2774 	lights. 	1
2775 	receving 	1
2776 	setion 	1
2777 	q1. 	1
2778 	fucked 	1
2779 	center 	1
2780 	lunch 	1
2781 	Idea 	1
2782 	fighting 	1
2783 	part2 	1
2784 	Aka: 	1
2785 	350 	1
2786 	position 	1
2787 	kind.. 	1
2788 	restructure 	1
2789 	Ported 	1
2790 	numbering 	1
2791 	stored 	1
2792 	forestry 	1
2793 	book 	1
2794 	jars 	1
2795 	tbd... 	1
2796 	nodes. 	1
2797 	intersection 	1
2798 	LATE 	1
2799 	right... 	1
2800 	lose 	1
2801 	explaination 	1
2802 	async 	1
2803 	soft 	1
2804 	backlog 	1
2805 	replacement 	1
2806 	IO 	1
2807 	flow... 	1
2808 	repeat 	1
2809 	proper 	1
2810 	Haveing 	1
2811 	leaf 	1
2812 	compiles. 	1
2813 	lead 	1
2814 	improvments 	1
2815 	overlap 	1
2816 	restared 	1
2817 	results. 	1
2818 	analyisis 	1
2819 	Refactored 	1
2820 	stuff! 	1
2821 	pear 	1
2822 	Accidentally 	1
2823 	cis4800 	1
2824 	host 	1
2825 	although 	1
2826 	offset 	1
2827 	panel 	1
2828 	Scanning 	1
2829 	commited 	1
2830 	socket 	1
2831 	chance 	1
2832 	statement 	1
2833 	constructor 	1
2834 	discard 	1
2835 	mantaining 	1
2836 	bad.. 	1
2837 	contactmake 	1
2838 	wack 	1
2839 	Most 	1
2840 	transfer 	1
2841 	problem.. 	1
2842 	spots 	1
2843 	Submittied 	1
2844 	exchanging 	1
2845 	cis3110A3. 	1
2846 	append. 	1
2847 	rooted 	1
2848 	Well 	1
2849 	neutral 	1
2850 	Re 	1
2851 	Queries 	1
2852 	children. 	1
2853 	retrvial 	1
2854 	wish 	1
2855 	scroll 	1
2856 	smooth 	1
2857 	sgml 	1
2858 	this. 	1
2859 	placed 	1
2860 	meta 	1
2861 	limit 	1
2862 	shaders... 	1
2863 	display 	1
2864 	evals 	1
2865 	experamential 	1
2866 	contribute 	1
2867 	pid 	1
2868 	porter's 	1
2869 	sta, 	1
2870 	remainder. 	1
2871 	trailing 	1
2872 	functionw 	1
2873 	foresty 	1
2874 	boot 	1
2875 	4. 	1
2876 	exclamation 	1
2877 	frisbee 	1
2878 	Lost 	1
2879 	backgrounding 	1
2880 	Remove 	1
2881 	offsetting 	1
2882 	BTree 	1
2883 	click. 	1
2884 	append, 	1
2885 	statusbar 	1
2886 	portion 	1
2887 	Intermurals 	1
2888 	text... 	1
2889 	sections? 	1
